indice_tiempo,produccion_gas_natural,total,residencial,comercial,entes_oficiales,industria,centrales_electricas,sdb,gnc,metrogas,gas_natural_fenosa,distrib_gas_del_centro_ecogas,distrib_gas_cuyana_ecogas,litoral_gas,gasnea,redengas,gasnor,camuzzi_gas_pampeana,camuzzi_gas_del_sur
1996-01-01,2504.98,1913.116,211.996,42.534,8.783,605.413,803.185,12.203,85.856,496.604,150.44,90.166,99.731,180.638,0.0,1.343,135.642,413.012,345.54
1996-02-01,2325.37,1731.663,216.713,43.851,9.499,626.625,656.703,14.482,75.903,398.279,168.594,84.35,95.175,168.693,0.0,1.439,137.112,350.583,327.438
1996-03-01,2735.07,2018.787,225.193,56.13,16.476,669.272,832.398,15.871,80.857,503.75,177.37,92.186,111.341,184.743,0.0,1.587,140.103,424.864,382.843
1996-04-01,2584.15,1935.116,351.159,73.16,17.779,658.115,612.963,18.109,88.107,458.635,200.311,98.59,93.188,192.93,0.0,1.591,125.108,350.836,413.927
1996-05-01,3006.48,2304.546,572.829,75.569,23.653,645.976,748.281,22.857,91.773,562.713,259.457,112.201,115.219,237.872,0.0,2.073,141.535,438.767,434.709
1996-06-01,3300.45,2601.3,933.705,124.869,37.607,634.448,623.267,33.621,91.801,628.611,353.237,133.14,131.945,223.846,0.0,3.293,168.572,464.426,494.23
1996-07-01,3444.13,2812.419,1116.077,138.57,37.284,659.517,597.608,39.507,94.91,705.811,398.55,141.131,134.632,223.061,0.0,4.514,195.621,481.559,527.54
1996-08-01,3157.73,2522.663,726.739,112.26,32.853,683.032,719.79,27.494,93.497,595.657,293.511,120.751,109.522,251.081,0.0,2.609,188.515,447.323,513.694
1996-09-01,3172.15,2466.954,607.052,96.687,25.775,718.76,781.06,22.992,91.376,629.643,286.863,123.854,109.556,248.684,0.0,2.534,189.153,441.146,435.521
1996-10-01,2791.9,2152.582,377.468,59.7,17.904,706.36,748.962,15.108,97.108,500.026,218.384,103.674,103.487,246.789,0.0,2.052,197.764,375.117,405.289
1996-11-01,2730.48,1955.893,265.339,51.197,13.081,655.872,741.77,11.216,96.149,397.117,196.643,96.736,93.703,243.71,0.0,1.862,180.853,376.735,368.534
1996-12-01,2896.85,2030.946,238.832,49.807,11.503,646.987,846.839,11.019,104.509,433.947,185.394,113.937,94.244,249.701,0.0,1.814,196.88,371.375,383.654
1997-01-01,2969.282036699999,2093.626,198.317,40.469,8.961,620.44,1000.455,11.06,93.533,489.032,165.352,111.146,116.415,248.161,0.0,1.55,192.283,407.469,362.218
1997-02-01,2755.3278935000008,1881.045,201.257,46.286,11.537,608.378,807.345,12.719,85.464,387.317,162.71,100.212,106.636,225.461,0.0,1.561,170.437,379.787,346.924
1997-03-01,3000.3203472999985,2018.356,252.665,57.053,11.776,676.517,856.176,13.722,98.946,409.354,191.824,107.96,121.582,254.25,0.0,1.84,174.601,355.255,401.69
1997-04-01,3101.4832659,2295.219,326.813,67.712,15.12,699.939,949.555,16.129,102.001,526.37,218.936,118.581,121.888,260.793,0.0,1.99,192.253,432.326,422.082
1997-05-01,3385.94652906,2622.098,575.732,90.524,22.648,721.995,952.38,23.609,105.814,624.269,275.413,146.042,124.358,258.061,0.0,2.527,225.375,462.013,504.04
1997-06-01,3412.905575,2817.329,911.897,120.214,37.385,732.619,731.737,36.902,104.852,634.711,371.617,154.91,141.726,243.062,0.0,3.524,238.294,484.8,527.59
1997-07-01,3435.1206325499984,2787.129,941.901,130.013,33.161,745.638,652.785,38.58,109.031,591.03,376.997,137.155,145.684,280.997,0.0,3.884,257.762,470.104,518.846
1997-08-01,3282.28973865,2497.152,827.223,110.513,31.704,714.05,539.029,33.424,112.277,489.537,336.589,133.561,139.846,287.731,0.0,3.36,246.969,464.604,391.824
1997-09-01,3041.873365000001,2197.127,618.26,108.237,23.494,730.004,456.058,26.177,110.064,426.514,295.096,122.241,121.744,264.135,0.0,2.538,219.02,436.537,291.985
1997-10-01,3015.910343,2106.824,423.574,83.319,19.008,777.244,515.107,19.774,116.85,386.777,252.457,120.29,117.41,271.052,0.0,2.277,215.524,439.861,278.146
1997-11-01,2877.9882420000004,1920.908,293.743,64.791,14.179,665.812,608.862,14.768,112.062,367.254,200.267,111.647,112.11,264.599,0.0,2.078,174.351,378.034,283.324
1997-12-01,2795.53522155,1820.405,231.743,75.851,14.422,667.127,547.176,14.456,117.042,345.899,188.406,101.02,107.203,241.643,0.0,2.058,168.39,375.213,255.83
1998-01-01,2804.7921419999984,1775.344,199.383,60.142,9.688,651.964,565.369,14.97,111.195,303.11,172.32,102.518,113.595,240.215,0.0,2.163,157.727,385.287,258.708
1998-02-01,2671.370838199999,1733.141,225.227,46.999,10.039,614.905,574.796,14.066,96.04,249.033,183.043,95.053,114.96,212.697,0.0,2.111,189.333,326.075,316.365
1998-03-01,3002.888448639999,2010.649,274.951,64.157,11.996,710.855,626.176,15.661,113.858,308.697,208.416,111.953,128.505,248.953,0.0,2.496,192.805,386.548,354.885
1998-04-01,3028.5589630999993,2128.781,365.574,76.146,16.816,720.377,604.87,20.582,117.855,312.145,232.039,126.081,134.996,242.086,0.0,2.417,196.313,386.14,412.918
1998-05-01,3430.6812480000017,2546.102,603.308,91.882,23.322,783.912,681.056,27.785,115.244,406.584,293.713,158.753,149.402,275.958,0.0,3.252,227.16,459.484,482.242
1998-06-01,3580.7517419999986,2923.245,939.826,116.303,36.834,779.752,669.773,40.185,117.565,535.712,378.348,170.569,174.362,279.78,0.0,4.272,256.954,490.312,536.175
1998-07-01,3637.2801689999997,2935.935,900.008,104.944,29.088,776.713,740.727,38.793,120.354,542.311,362.639,166.007,180.483,284.91,0.0,4.332,261.904,503.349,531.81
1998-08-01,3573.1763897000005,2875.579,826.834,110.755,43.792,822.825,732.303,37.231,123.856,535.645,342.154,158.314,171.266,289.919,0.0,4.4,261.089,464.032,538.433
1998-09-01,3347.4629758999986,2611.639,714.72,92.743,33.472,753.218,664.458,30.939,122.494,450.47,305.35,140.738,169.282,273.396,0.0,3.639,255.862,398.378,462.897
1998-10-01,3258.617534,2332.061,345.62,62.24,22.576,719.69,799.97,16.781,127.644,388.308,222.774,119.326,147.776,251.801,0.001,2.815,253.467,391.091,411.701
1998-11-01,3131.0267277500006,2336.451,270.798,60.248,19.091,680.046,917.991,14.958,122.948,456.502,192.854,134.412,148.164,240.703,0.002,2.647,240.695,413.517,365.928
1998-12-01,3162.961828,2306.406,211.156,62.346,20.446,629.621,970.83,13.594,122.801,431.424,173.271,140.216,142.396,258.062,0.004,2.259,215.775,404.371,363.58
1999-01-01,3081.644832000001,2250.248,213.18,51.902,12.908,587.82,968.681,14.036,114.455,411.053,160.046,116.926,137.681,245.473,0.007,2.065,219.127,408.763,366.069
1999-02-01,2911.730577000001,2173.552,196.735,49.953,13.75,569.835,926.196,13.448,108.105,425.198,162.474,103.819,129.637,217.097,0.092,1.901,195.227,385.855,359.501
1999-03-01,3326.795757,2636.271,262.726,62.821,17.449,681.958,1106.995,16.215,124.277,548.999,188.079,129.168,151.541,267.205,0.413,2.431,222.677,437.109,449.99
1999-04-01,3281.3840521899997,2584.661,455.76,87.539,26.978,701.123,856.72,23.934,122.366,447.105,236.817,129.122,157.216,275.609,1.287,2.795,211.219,458.237,473.764
1999-05-01,3863.7177759999995,3046.874,726.185,101.786,32.038,720.593,955.33,33.641,126.944,656.055,298.9,166.507,163.867,281.277,1.522,3.615,213.994,508.136,537.528
1999-06-01,3938.727916870002,3170.961,1033.745,128.707,44.877,680.689,789.847,45.58,126.206,668.352,373.877,173.894,181.494,270.901,1.122,5.15,246.763,480.64,583.642
1999-07-01,2589.5269975000006,3337.014,1163.471,132.731,42.43,699.909,778.246,49.08,129.856,702.042,413.45,183.347,180.753,280.003,2.05,5.279,277.23,510.033,586.253
1999-08-01,3725.7576189999995,3145.912,897.823,117.378,42.992,737.512,845.116,39.295,131.165,654.183,353.091,170.812,171.755,277.72,2.03,4.159,286.809,510.116,531.127
1999-09-01,3557.3374010000007,2695.373,599.521,83.793,28.97,732.676,839.841,27.408,128.429,581.364,272.117,131.844,142.646,263.483,2.056,3.343,260.232,465.512,461.634
1999-10-01,3543.547491209997,2506.497,456.959,81.361,26.828,748.974,812.403,21.399,132.575,560.708,253.16,128.582,141.905,273.102,1.988,3.059,262.636,434.746,355.89
1999-11-01,3264.7734849999993,2248.429,299.818,63.065,19.067,700.825,796.252,14.669,130.431,539.0,215.779,127.197,128.97,273.256,2.023,2.176,212.44,338.45,303.266
1999-12-01,3664.0752395999993,2411.629,250.821,55.176,15.791,668.431,1004.226,13.747,134.106,588.312,199.762,124.622,128.349,279.925,1.862,2.572,212.561,382.77,353.315
2000-01-01,3446.4016955300017,2458.249,202.635,49.425,14.476,616.265,1124.543,13.452,124.479,605.851,156.47,129.712,119.869,257.119,1.96,2.237,208.87,409.167,391.018
2000-02-01,3422.2543173000004,2411.112,197.857,52.296,15.827,631.291,1071.751,15.126,119.474,562.27,169.361,127.366,131.472,257.934,2.095,2.276,213.387,371.62,377.565
2000-03-01,3512.2530740400002,2623.43,283.489,67.697,20.182,689.964,1034.344,17.478,134.802,619.19,216.081,130.713,140.97,265.571,2.462,2.359,197.139,405.877,416.488
2000-04-01,3539.9640683000002,2635.642,374.611,75.495,23.775,683.819,980.807,19.735,131.226,586.148,235.608,138.888,128.669,253.221,2.829,2.785,203.099,412.603,461.4
2000-05-01,4179.967814769999,3196.96,790.91,110.019,32.929,749.48,949.122,36.688,141.852,701.966,339.649,173.066,172.165,287.581,3.717,4.186,241.32,484.254,535.406
2000-06-01,4187.277168400002,3193.11,976.339,127.124,44.153,693.727,862.796,45.054,137.548,698.133,370.402,174.997,179.954,272.113,4.39,5.028,255.395,479.874,567.644
2000-07-01,4291.256465809999,3421.337,1297.07,145.406,44.579,697.853,734.14,55.37,145.143,762.653,455.091,191.756,194.554,289.003,5.228,6.419,262.948,507.727,547.997
2000-08-01,5297.801605850003,3360.649,1005.989,125.063,43.749,803.773,882.421,44.759,149.152,721.04,392.187,184.525,182.028,288.53,4.221,5.462,291.786,528.487,560.865
2000-09-01,3877.0960639600003,2978.018,782.551,102.919,34.631,741.544,835.34,35.458,144.85,683.112,328.789,149.13,163.031,257.452,4.154,4.352,256.89,447.435,503.341
2000-10-01,3491.8744404099984,2573.934,473.52,76.347,26.76,773.066,755.468,22.169,151.036,502.475,262.144,128.54,153.489,269.649,4.042,3.368,249.103,445.606,384.952
2000-11-01,3158.015809749999,2229.808,331.82,63.71,21.284,707.236,653.505,17.043,146.172,422.163,228.245,110.041,122.322,251.225,3.883,3.06,210.928,401.24,309.442
2000-12-01,2807.4020621800005,2530.54,250.345,57.82,17.734,695.255,1014.449,14.744,151.5,580.682,213.359,143.566,137.316,267.137,3.451,2.879,235.947,440.144,296.767
2001-01-01,3471.2125538600003,2305.83,216.529,49.646,14.839,663.743,821.862,14.015,145.725,487.704,176.255,118.532,117.642,228.187,3.838,2.517,202.645,421.673,270.429
2001-02-01,3146.1441557399994,2210.165,190.299,49.977,14.86,607.822,834.284,14.748,132.421,460.542,169.616,108.123,113.827,207.711,3.869,2.331,180.012,432.622,271.593
2001-03-01,4926.902997340001,2684.923,281.877,64.813,19.59,720.978,990.632,18.164,151.505,602.499,223.792,129.087,149.415,243.898,5.0,2.781,192.887,486.813,330.646
2001-04-01,4759.759319160002,2657.42,424.32,79.999,25.898,718.721,801.684,23.875,151.023,553.184,245.538,125.016,142.801,239.596,5.133,3.15,186.955,472.976,366.917
2001-05-01,4364.391186019999,3245.847,858.143,117.212,39.211,752.202,838.22,40.842,158.907,711.007,353.797,165.672,180.255,272.408,5.872,4.84,233.935,499.547,472.552
2001-06-01,4158.594528119998,3067.393,970.205,124.876,47.391,693.342,676.871,44.487,154.734,658.239,373.254,163.069,176.285,266.278,5.597,4.833,244.291,483.762,427.362
2001-07-01,4418.598975570004,3236.035,1168.209,132.234,48.347,696.925,604.697,50.563,163.06,693.017,409.319,169.124,190.921,283.73,6.93,5.126,252.409,545.107,424.851
2001-08-01,4078.8933442899993,2931.18,829.858,107.606,42.641,741.714,608.247,39.81,162.22,554.279,334.708,151.122,169.862,255.122,6.471,4.375,248.838,533.59,400.349
2001-09-01,4023.15765286,2854.803,741.434,93.978,36.312,709.25,700.031,33.747,156.134,617.122,311.843,149.794,160.659,207.646,6.075,4.31,249.687,502.963,386.872
2001-10-01,3669.0138241742075,2313.655,468.32,74.52,26.669,705.296,474.871,22.875,162.938,404.96,262.597,105.676,128.551,221.222,5.412,3.275,219.019,430.621,269.721
2001-11-01,3473.277769269999,2284.569,312.915,58.932,19.666,663.55,677.708,16.506,155.228,491.176,221.733,105.607,116.474,205.531,5.065,3.037,220.63,360.951,284.189
2001-12-01,3548.62108304,2373.813,255.1,54.477,16.43,617.615,868.842,14.535,156.67,612.318,196.889,107.289,93.575,204.74,4.661,2.55,222.892,378.995,265.134
2002-01-01,3573.027989939999,2322.801,209.225,45.167,13.671,551.237,945.138,15.05,147.888,593.003,168.244,97.806,114.839,191.619,4.419,2.3,231.626,336.176,281.262
2002-02-01,3315.08918552,2096.33,207.053,47.352,14.31,597.696,732.071,16.091,135.915,478.908,172.958,77.427,115.889,179.889,5.534,2.46,210.749,361.19,257.892
2002-03-01,3710.3995332299974,2450.898,297.416,58.444,18.502,695.607,803.576,20.605,154.051,506.421,213.163,104.227,129.963,217.139,4.639,2.703,240.311,409.998,347.593
2002-04-01,3698.136622070001,2616.62,460.113,78.207,26.044,743.939,706.559,25.842,157.705,518.352,254.9,111.315,134.448,246.237,6.397,3.418,246.363,422.249,377.047
2002-05-01,4138.281122598002,2969.517,654.871,93.709,34.246,778.547,743.803,37.046,164.905,576.821,292.241,162.693,159.354,264.444,8.136,4.028,233.217,495.508,449.242
2002-06-01,4340.715328838002,3255.612,1090.713,137.932,52.352,693.258,618.712,54.106,165.512,643.124,398.949,172.077,183.88,272.38,8.554,5.177,250.994,554.46,457.855
2002-07-01,4616.961737586001,3510.357,1141.089,134.969,49.89,736.118,745.424,57.127,179.519,756.488,424.874,189.937,171.293,293.491,8.731,5.965,284.945,563.064,479.276
2002-08-01,4932.249236420001,3088.538,923.609,111.484,44.357,751.956,641.579,46.762,179.946,628.202,361.255,159.607,153.563,285.013,8.47,4.639,289.666,502.853,433.649
2002-09-01,3928.7784446950004,2639.005,695.913,93.301,35.866,760.066,508.844,36.894,180.46,479.227,319.232,133.706,122.226,249.758,7.619,3.842,254.437,476.17,380.708
2002-10-01,3531.8706886499995,2144.048,416.406,69.386,25.178,682.904,420.097,24.386,189.489,364.171,254.022,108.259,112.703,250.299,6.764,3.39,206.151,350.893,276.585
2002-11-01,3273.9080241999995,1997.585,312.901,62.642,21.741,663.891,410.014,20.106,187.121,348.591,234.234,108.01,102.076,233.503,6.765,3.333,190.93,351.004,205.078
2002-12-01,3397.6820407999994,2085.965,246.555,54.628,17.237,714.22,508.535,17.723,197.808,377.069,222.705,122.079,102.595,235.456,6.06,2.962,205.385,374.658,218.364
2003-01-01,3544.3755373999993,2130.236,216.471,53.295,17.112,681.656,616.557,20.017,193.218,376.271,200.942,135.899,100.535,229.951,5.196,2.877,216.594,386.898,263.522
2003-02-01,3434.1761487200006,2207.641,208.068,52.872,16.771,658.159,673.429,20.678,178.726,451.892,204.896,131.903,123.169,209.934,6.613,2.82,196.567,372.774,230.38
2003-03-01,3840.15297111,2508.864,274.824,61.292,20.685,793.3,695.352,21.759,201.841,458.424,238.609,147.556,145.439,240.371,8.611,3.195,236.198,404.537,292.763
2003-04-01,3884.81220657,2643.952,441.421,73.146,25.737,771.402,618.941,28.569,211.151,447.012,267.85,156.813,149.083,263.642,8.923,3.763,222.292,440.9,358.839
2003-05-01,4506.552959280001,3192.619,748.082,100.677,35.72,830.812,747.557,42.354,214.294,653.662,353.111,185.586,162.023,286.953,10.547,4.884,233.021,535.261,433.812
2003-06-01,4682.107014199999,3321.333,953.568,115.217,45.777,748.823,753.754,51.779,217.796,716.813,401.988,177.215,176.742,283.975,10.264,5.184,225.704,525.37,478.883
2003-07-01,4856.778120699998,3442.421,1138.239,129.482,67.268,748.464,662.135,61.755,228.774,727.962,451.477,193.079,195.505,296.77,12.512,6.201,242.956,559.663,451.871
2003-08-01,4950.347564494149,3533.654,1095.78,130.143,50.83,766.996,701.08,57.686,236.044,767.317,436.309,186.969,198.415,290.249,12.486,6.113,234.68,558.255,453.287
2003-09-01,4593.5939647,3240.129,763.147,100.53,38.263,798.741,836.559,41.738,231.843,770.622,365.796,177.453,158.367,277.141,12.775,5.352,219.745,515.88,428.402
2003-10-01,4434.742468870002,2956.864,442.638,73.722,27.883,834.444,850.179,28.004,240.903,730.899,288.213,154.39,151.083,274.759,12.006,3.656,205.852,454.672,336.787
2003-11-01,4041.6568959299993,2687.454,321.131,62.697,23.148,804.612,798.353,20.207,233.216,575.275,260.527,151.255,146.114,254.479,9.935,3.255,217.95,464.605,294.925
2003-12-01,4178.445374043201,2694.681,259.039,68.322,20.233,808.388,803.155,22.752,252.183,541.917,256.994,175.753,148.255,266.176,10.004,3.231,207.475,452.879,298.058
2004-01-01,4175.749263630002,2815.18,217.178,55.785,16.391,774.193,999.611,22.725,234.573,627.942,220.762,170.01,155.278,247.06,9.846,3.269,258.872,489.75,286.039
2004-02-01,4048.2464402299993,2791.944,212.927,60.681,17.34,805.255,983.058,23.272,228.183,678.003,224.395,143.728,146.811,236.108,10.078,3.18,239.906,492.059,290.449
2004-03-01,4358.095064899997,3024.918,271.29,68.197,21.909,853.901,994.573,24.545,248.548,734.405,256.356,149.199,169.595,275.083,11.821,3.576,236.406,492.993,307.727
2004-04-01,4255.319617039999,2951.881,425.605,75.664,25.176,785.8,882.578,30.884,248.514,692.852,275.688,155.812,168.036,271.283,11.655,3.849,226.958,462.07,342.724
2004-05-01,4509.981461900001,3336.883,906.849,121.049,39.667,773.117,757.203,53.268,255.848,759.696,384.21,172.396,192.461,286.737,12.981,5.171,252.889,553.811,418.3
2004-06-01,4542.590373160002,3391.407,987.9,132.606,45.308,786.478,721.014,60.285,248.405,726.361,403.68,173.459,195.732,282.935,14.144,6.888,248.835,562.859,463.045
2004-07-01,4651.124141189999,3503.49,1154.165,135.559,48.572,746.48,640.935,65.697,263.517,731.165,436.684,180.306,211.193,285.736,16.132,6.325,256.595,571.756,466.822
2004-08-01,4624.813813139997,3428.872,977.561,127.804,45.788,737.045,747.775,59.692,262.554,757.874,377.352,180.566,202.942,281.04,16.551,6.127,257.761,567.773,441.429
2004-09-01,4421.646242969999,3306.837,669.492,96.609,34.798,838.532,870.13,39.484,256.89,771.565,346.394,170.66,172.096,263.992,15.224,4.408,254.687,519.581,413.896
2004-10-01,4314.95475435,3136.499,476.968,92.153,29.418,902.689,836.6,31.931,267.297,752.317,311.823,145.828,165.737,255.469,13.656,4.189,249.773,521.523,342.109
2004-11-01,4036.368883450002,2920.775,346.485,80.801,24.639,846.433,851.136,26.0,259.327,721.33,287.836,155.832,151.028,247.078,12.612,4.248,237.787,416.367,302.851
2004-12-01,4218.09842947,3097.806,264.049,70.779,19.447,834.812,1058.679,22.48,270.821,763.21,265.417,168.206,156.695,238.155,11.445,4.143,242.897,509.371,330.961
2005-01-01,4101.340067639997,3159.919,216.926,56.779,17.696,841.614,1220.462,26.042,257.168,776.601,227.295,178.818,159.822,299.47,10.837,3.607,247.094,546.021,325.864
2005-02-01,3802.649939249999,2789.645,215.293,59.476,17.693,783.311,1066.948,26.368,235.543,733.479,226.394,155.146,160.642,256.106,11.086,3.91,245.31,403.881,287.002
2005-03-01,4120.5067598119995,3055.463,297.525,74.61,22.797,873.869,1137.061,27.957,264.235,800.848,272.813,174.215,174.155,262.625,12.993,4.372,277.138,481.362,335.324
2005-04-01,4106.024944244002,3083.341,507.916,84.337,24.382,868.855,962.762,36.775,260.532,695.285,314.236,170.641,177.505,282.389,13.793,4.963,263.576,519.581,426.292
2005-05-01,4575.1237218097,3439.26,852.47,109.488,42.322,835.115,896.01,55.296,266.925,743.814,379.548,185.549,191.705,273.36,16.766,6.217,279.016,582.782,504.58
2005-06-01,4497.2832059799985,3399.793,1012.582,130.815,49.608,789.407,679.334,63.981,259.867,705.309,403.979,180.443,206.666,254.869,16.456,6.258,258.354,571.361,489.974
2005-07-01,4665.647880049999,3573.774,1204.329,140.083,62.745,770.103,662.24,71.964,272.68,742.514,440.607,192.725,215.416,257.563,19.496,6.666,291.367,622.614,511.024
2005-08-01,4626.976581999999,3584.862,1091.741,141.677,55.335,844.451,745.212,67.416,272.12,755.704,436.093,194.943,212.904,290.004,17.975,6.732,282.554,610.348,502.588
2005-09-01,4325.3114215,3429.367,864.876,99.738,46.268,908.176,681.493,53.15,263.442,697.564,393.439,177.733,193.333,282.234,17.101,6.322,283.818,599.558,404.72
2005-10-01,4200.5777972999995,3324.813,528.657,88.316,29.899,950.224,751.665,36.236,272.128,661.14,323.049,158.195,174.18,287.392,14.252,5.015,299.979,550.531,322.514
2005-11-01,4119.896848099999,3212.91,356.598,70.551,19.458,917.85,937.342,25.69,262.48,673.324,324.054,154.941,168.093,276.966,12.636,4.238,289.55,512.88,314.533
2005-12-01,4137.2602626,3151.739,288.982,69.185,15.11,888.278,949.582,25.352,279.855,673.35,267.574,160.43,174.209,297.192,12.293,4.197,289.464,471.536,288.729
2006-01-01,4255.400460930001,3332.079,237.793,52.036,11.134,937.941,1122.27,26.93,251.424,708.138,244.795,153.632,176.268,328.632,12.125,3.723,281.82,563.366,311.119
2006-02-01,3908.4542786220004,3146.734,215.15,47.764,12.553,873.313,1120.641,29.496,231.896,710.837,227.952,143.926,171.305,285.84,11.915,3.787,264.835,528.743,315.767
2006-03-01,4303.8396219,3468.992,324.255,69.065,18.745,1003.752,1085.482,32.051,265.142,758.834,282.524,161.437,172.124,323.133,14.18,4.574,275.825,547.871,376.233
2006-04-01,4191.323396849998,3350.978,435.362,97.837,23.413,945.367,995.899,36.077,254.563,767.409,297.655,146.814,175.128,333.885,13.826,4.571,248.176,556.438,366.972
2006-05-01,4443.557876900002,3673.645,937.938,121.831,41.404,930.379,784.911,60.407,255.378,766.546,407.219,169.459,200.83,333.115,18.39,6.405,276.699,645.813,446.362
2006-06-01,4405.041605394001,3648.763,1125.287,146.226,47.666,882.157,652.728,72.805,246.346,700.09,435.45,176.387,207.052,320.738,18.887,7.384,315.112,624.409,496.076
2006-07-01,4528.931213729999,3689.519,1109.572,120.917,46.334,889.871,712.479,69.125,260.863,723.681,414.942,181.445,213.416,319.891,18.383,6.829,326.063,635.955,510.875
2006-08-01,4552.091501620002,3770.548,1192.689,154.092,54.767,895.512,683.286,76.108,264.683,715.595,445.389,204.432,211.096,331.217,21.681,8.077,333.937,635.674,536.229
2006-09-01,4364.020569103334,3510.955,785.044,95.885,52.074,931.611,831.203,53.746,255.551,746.651,366.37,172.572,188.7,316.254,17.123,6.181,312.34,585.071,432.426
2006-10-01,4365.485818599,3527.974,455.703,78.215,28.543,1017.085,1073.935,36.08,257.376,762.381,299.772,182.701,182.819,326.262,14.306,4.887,308.626,575.817,432.224
2006-11-01,4119.4094297400015,3315.912,335.891,67.55,18.841,999.775,1104.418,29.148,250.557,769.553,273.685,185.521,170.993,321.451,13.407,4.655,293.873,549.262,358.909
2006-12-01,4208.21838618,3423.614,246.414,62.338,15.818,985.129,1262.765,25.201,259.084,782.441,247.148,181.108,176.335,319.858,12.653,4.299,300.203,600.73,374.014
2007-01-01,4201.253383929995,3316.474,220.808,55.027,10.975,975.909,1198.571,29.325,243.69,779.335,232.364,172.034,173.87,265.805,12.757,3.887,308.786,598.776,334.932
2007-02-01,3717.9679744600016,3067.131,216.964,56.789,10.206,917.962,1205.832,30.436,221.066,739.802,218.357,161.769,170.488,260.649,12.608,3.912,295.345,549.607,364.952
2007-03-01,4255.229090169999,3730.915,304.292,68.18,14.961,1058.306,1193.427,31.94,247.19,751.303,266.775,190.123,175.219,327.231,15.113,4.719,290.97,618.686,414.995
2007-04-01,4267.507296859997,3777.286,462.757,84.547,22.376,1024.933,1104.075,37.494,235.412,716.942,287.1,204.265,185.528,339.589,16.804,4.726,284.615,635.342,439.521
2007-05-01,4481.828654359999,3840.596,1161.528,142.307,46.229,944.233,766.568,77.441,247.335,726.537,452.267,208.542,209.624,332.479,24.527,8.081,344.604,644.572,555.749
2007-06-01,4319.919313409998,3619.978,1436.244,155.056,69.307,708.457,700.886,91.897,232.929,675.922,472.693,207.902,223.625,312.895,25.356,9.188,365.343,559.749,613.435
2007-07-01,4488.18102295,3695.316,1632.299,177.519,69.245,685.088,682.857,102.666,225.106,677.733,505.968,229.692,235.852,325.35,27.554,10.203,364.631,526.285,705.108
2007-08-01,4448.882710810003,3629.961,1542.691,179.522,71.68,748.198,621.983,96.477,247.445,668.854,505.76,224.187,244.094,320.156,27.043,6.001,349.526,554.769,659.623
2007-09-01,4320.295875489999,3448.212,818.462,107.594,44.88,881.812,1019.979,59.401,235.376,756.776,331.672,164.885,191.603,310.646,18.647,7.234,332.693,620.671,551.211
2007-10-01,4214.190000485001,3304.842,521.985,82.213,27.254,1032.532,1119.53,42.005,242.679,750.196,298.955,180.042,171.259,362.59,16.144,7.554,329.354,611.852,469.925
2007-11-01,4000.7097882799962,3195.443,410.691,73.405,20.988,1020.636,1155.727,33.003,234.036,748.919,280.342,186.631,166.259,354.629,14.657,5.216,314.945,597.348,404.188
2007-12-01,4255.187016075,3394.866,267.788,59.025,13.553,1063.534,1412.237,26.026,245.552,816.524,251.973,206.124,177.693,349.912,13.322,4.387,330.318,601.864,453.489
2008-01-01,4160.121988977997,3250.616,241.816,57.231,10.376,1045.382,1422.101,30.175,224.0,765.654,229.233,202.729,181.133,336.803,13.254,3.876,340.962,569.148,460.3
2008-02-01,3961.0772883719974,3180.747,229.447,55.115,10.98,996.653,1361.108,30.745,212.655,729.532,221.559,181.726,185.158,296.217,13.56,3.796,329.071,615.976,451.673
2008-03-01,4284.245778852001,3444.883,301.611,68.565,12.474,1043.335,1365.489,34.482,225.39,776.242,253.718,189.925,189.876,317.593,14.387,4.633,331.692,628.092,488.463
2008-04-01,4137.521777442002,3334.945,545.619,83.169,24.795,997.048,1081.828,46.085,222.285,661.328,303.749,167.161,185.292,343.719,16.149,4.865,302.373,590.128,555.501
2008-05-01,4146.380865967999,3331.768,970.045,116.215,42.792,909.774,827.224,69.327,232.582,626.666,407.25,181.115,212.588,319.451,20.796,6.549,312.6,588.788,572.522
2008-06-01,4236.280256521001,3505.558,1488.45,162.178,63.528,751.954,601.996,96.91,226.034,604.679,485.602,218.543,239.791,308.515,25.408,10.171,339.724,586.783,636.879
2008-07-01,4456.899345034031,3724.941,1265.442,145.56,61.174,825.869,926.686,88.657,236.655,748.82,430.126,204.648,241.057,324.728,22.838,8.159,339.23,612.606,698.741
2008-08-01,4473.6861375789995,3628.089,1312.94,153.446,64.667,846.029,715.034,90.677,236.019,711.468,455.01,199.485,237.788,301.599,24.35,8.333,316.37,706.47,603.118
2008-09-01,4261.131314233999,3414.773,979.739,128.134,48.542,971.654,801.72,66.143,227.574,714.773,396.401,176.535,206.719,340.534,20.072,6.558,315.226,658.646,519.363
2008-10-01,4256.773560523001,3302.909,575.702,90.509,28.625,1038.698,1040.486,44.632,233.201,752.695,337.923,178.986,177.896,353.832,15.707,5.004,311.844,617.342,448.048
2008-11-01,4030.7358099269986,3222.315,321.209,69.831,22.792,935.56,1319.596,29.859,220.269,716.432,272.911,189.663,182.252,345.215,13.3,4.13,309.435,606.124,406.1
2008-12-01,4083.401167873001,3425.479,288.601,76.857,12.046,907.429,1518.659,30.215,231.797,786.632,283.147,201.716,183.299,339.947,13.945,3.938,317.978,623.786,423.927
2009-01-01,4067.9133354,3303.233,247.171,79.707,10.829,903.228,1510.674,32.818,213.136,786.157,264.223,186.209,194.333,342.033,12.517,3.595,310.493,613.649,417.212
2009-02-01,3719.3315126999996,3109.052,233.852,72.216,11.795,872.026,1400.183,32.836,195.561,708.493,255.243,160.549,184.678,342.835,11.782,3.468,311.082,563.656,390.484
2009-03-01,4196.197348100001,3445.34,293.588,67.811,14.929,935.32,1571.297,35.631,217.84,811.84,304.862,151.889,172.08,394.807,14.353,4.248,325.768,620.203,464.38
2009-04-01,4064.7973844000003,3292.278,412.801,77.607,20.129,955.794,1382.085,39.398,213.69,744.918,269.215,146.328,180.151,395.036,14.939,4.263,306.707,635.964,523.134
2009-05-01,4196.6074216,3528.737,846.431,121.045,39.858,922.884,1096.418,62.154,224.529,756.441,343.707,176.32,202.483,347.309,18.868,6.353,333.899,678.413,578.042
2009-06-01,4167.7501066,3511.352,1379.089,155.808,63.64,852.241,620.595,94.266,219.193,673.043,431.652,200.333,230.834,336.794,27.262,9.981,360.218,625.662,578.716
2009-07-01,4284.2840331,3666.655,1570.257,172.236,65.418,775.323,612.023,106.86,218.96,674.29,454.725,222.858,250.211,343.045,29.415,10.728,343.119,647.447,640.988
2009-08-01,4017.1155306999995,3344.909,1093.382,147.466,58.391,819.207,766.659,82.19,227.971,679.506,367.011,179.886,189.608,318.559,24.058,10.068,337.597,583.138,592.984
2009-09-01,3994.4270371000002,3293.453,1016.43,129.552,48.797,907.688,741.664,69.453,224.452,707.93,391.621,174.109,191.052,327.201,21.429,6.511,279.563,664.263,496.393
2009-10-01,4116.822337300001,3116.6,635.492,98.07,32.856,913.944,898.842,49.22,228.088,697.091,339.921,155.137,169.116,347.008,17.168,6.534,277.467,555.421,434.131
2009-11-01,3729.9215706,2817.909,405.835,84.536,21.17,924.046,908.681,34.151,217.057,582.384,267.84,151.091,172.395,339.816,15.058,5.578,301.668,523.898,376.591
2009-12-01,3864.0818208999985,2789.728,335.218,72.314,14.468,944.556,927.184,30.627,232.392,637.527,273.015,143.677,169.202,325.507,14.583,4.939,284.318,520.555,296.932
2010-01-01,3884.0516469000004,2957.121,267.988,62.621,10.895,920.817,1231.299,34.727,209.48,746.717,270.437,164.784,164.24,338.242,13.348,4.823,302.022,596.879,277.918
2010-02-01,3621.9457373,2799.674,259.977,61.928,11.836,890.066,1162.315,36.341,195.085,687.516,270.94,147.793,160.04,338.563,14.094,4.204,265.103,572.381,295.424
2010-03-01,3943.1644223999997,3113.639,334.491,62.369,23.01,958.266,1201.363,40.91,219.539,717.896,319.513,158.62,178.395,319.839,21.115,8.734,285.024,557.394,412.273
2010-04-01,3814.6619478,3019.13,575.382,88.912,26.989,926.44,959.378,46.645,217.092,651.935,331.042,172.381,190.805,354.976,17.466,4.47,282.092,520.472,418.637
2010-05-01,4107.18554,3374.402,961.938,125.917,44.605,954.928,812.229,71.17,226.654,624.67,366.795,219.469,222.547,412.322,23.183,6.156,306.196,646.157,500.626
2010-06-01,4002.7757842000005,3370.188,1375.567,152.004,62.805,783.513,547.969,99.221,220.8,579.014,438.603,254.038,235.421,336.461,26.545,10.59,296.215,605.232,563.205
2010-07-01,4160.354847199999,3540.307,1666.581,180.154,68.203,658.177,531.36,112.295,232.775,623.539,512.844,262.891,272.829,321.295,29.571,10.357,296.567,587.905,605.115
2010-08-01,4152.3150673,3531.389,1465.642,160.529,69.28,755.227,664.682,108.961,223.226,697.947,458.97,255.759,254.311,385.451,29.202,9.468,279.84,534.495,613.771
2010-09-01,3938.7977343000007,3247.82,935.464,118.223,45.963,911.352,803.737,78.849,228.098,664.232,367.151,214.605,198.457,391.266,22.285,7.755,270.369,556.564,542.827
2010-10-01,3963.1875826000005,3124.269,613.636,93.362,31.048,965.683,969.335,58.065,232.579,648.857,351.402,201.644,181.253,435.364,19.357,5.874,239.869,574.873,443.364
2010-11-01,3712.0198022,3073.519,396.665,78.015,19.769,953.476,1180.624,42.71,223.201,733.113,357.581,205.58,160.448,379.17,17.18,5.024,253.199,529.401,392.228
2010-12-01,3807.1236335999993,3240.802,329.018,63.975,14.132,924.218,1455.097,37.82,235.636,790.979,336.337,225.549,168.377,394.333,15.959,5.259,311.807,563.747,391.183
2011-01-01,3816.9560116999996,3218.043,260.721,66.234,11.207,942.425,1493.837,41.352,216.748,760.607,264.071,230.524,174.9,398.596,15.016,4.052,310.839,601.642,421.407
2011-02-01,3456.9997534000004,2962.879,270.931,61.217,10.506,910.692,1306.84,42.092,202.813,698.6,245.101,182.029,171.956,350.327,16.279,5.871,287.685,544.52,430.234
2011-03-01,3768.1227552000005,3219.316,360.901,70.841,15.621,1024.502,1311.069,49.748,225.454,702.578,341.631,205.504,186.257,421.15,19.771,6.054,291.118,492.741,522.718
2011-04-01,3612.7237586,3124.105,523.91,81.829,24.648,1005.323,1097.147,53.649,223.011,629.756,367.523,179.391,188.616,427.388,19.503,5.272,253.645,495.837,541.338
2011-05-01,3874.4786738,3399.572,1053.511,122.537,46.145,1016.438,730.809,86.215,231.652,617.407,407.366,208.924,225.236,361.202,26.439,7.988,307.652,602.039,628.456
2011-06-01,3817.5209032,3532.259,1500.041,155.542,64.755,808.327,590.074,116.338,229.518,616.451,470.718,263.371,261.706,341.301,30.638,10.935,320.681,600.902,608.477
2011-07-01,3921.5124733999996,3672.937,1699.05,175.732,72.02,743.299,547.485,128.721,240.533,684.032,494.171,287.028,285.22,358.383,33.915,11.497,304.624,601.19,605.068
2011-08-01,3959.7704837999995,3797.811,1627.358,169.082,69.958,808.757,667.395,122.699,241.775,737.133,525.311,274.661,265.462,373.376,31.878,11.426,300.722,651.209,616.365
2011-09-01,3818.0387925,3487.947,919.234,121.748,48.508,986.352,971.446,80.597,234.976,721.382,436.671,224.6,193.804,434.857,23.039,7.092,271.467,637.406,529.364
2011-10-01,3921.3205535,3502.854,663.403,94.454,31.458,1041.658,1210.296,62.337,240.788,741.649,407.438,221.698,184.692,406.622,20.78,6.212,288.793,669.4,541.803
2011-11-01,3742.3946463,3269.439,360.47,68.938,16.86,936.165,1471.968,46.43,231.382,778.361,329.996,217.641,189.332,407.3,17.659,5.616,305.183,570.283,443.31
2011-12-01,3817.7148111000006,3323.902,312.559,66.847,13.888,953.571,1553.058,48.361,242.438,780.535,359.547,234.073,191.808,407.193,18.563,7.351,317.853,575.728,426.714
2012-01-01,3814.0730472,3394.108,255.463,73.055,10.66,918.594,1735.595,48.185,221.465,801.931,318.272,247.104,198.183,427.721,20.182,8.721,338.463,600.636,429.511
2012-02-01,3466.2463227000003,3159.624,279.65,70.614,14.106,870.048,1541.205,50.493,211.03,722.874,316.848,219.545,182.947,376.888,18.745,7.986,310.584,559.952,440.044
2012-03-01,3752.6056746,3269.431,383.994,76.53,17.404,930.343,1449.731,48.251,235.276,724.864,367.555,215.313,178.743,431.515,19.019,6.788,314.152,527.145,480.991
2012-04-01,3673.3051546,3240.215,658.017,92.966,28.531,901.974,1145.871,64.484,225.621,628.962,360.931,206.734,180.2,435.175,21.65,6.619,271.547,566.482,558.065
2012-05-01,3796.3779821,3641.68,1014.939,128.464,48.217,913.513,1089.996,92.745,233.955,664.206,437.336,252.926,227.773,426.869,25.444,8.817,314.446,628.269,649.334
2012-06-01,3648.9464034000002,3664.686,1593.263,162.058,63.838,749.882,665.809,122.567,234.908,646.502,500.159,249.08,259.588,357.289,32.204,11.278,328.555,613.349,658.924
2012-07-01,3764.9509104,3938.563,1893.755,197.866,81.005,690.519,627.441,140.454,244.634,763.21,551.056,253.708,283.905,381.253,38.15,12.934,338.276,661.534,645.231
2012-08-01,3764.320747800001,3917.228,1492.791,165.283,70.206,768.372,956.523,118.369,241.424,777.115,558.035,253.409,270.549,452.165,33.658,10.648,328.548,643.639,581.534
2012-09-01,3637.9065500999995,3574.958,1021.294,122.899,43.871,855.773,1098.79,85.197,231.09,733.927,474.907,211.746,205.175,443.188,24.035,7.142,309.115,621.477,538.175
2012-10-01,3712.0631576,3382.533,693.609,99.485,32.488,914.329,1171.64,68.045,237.374,664.88,396.463,224.491,187.92,458.947,21.719,6.694,299.106,652.589,463.738
2012-11-01,3515.9205089999996,3257.389,399.473,78.95,19.004,889.236,1443.946,51.189,229.957,724.107,368.989,245.117,158.778,447.18,20.81,8.988,323.468,548.601,408.018
2012-12-01,3576.9776797000004,3175.228,345.573,74.793,14.856,868.656,1423.812,46.752,238.247,749.786,351.618,217.463,159.654,419.974,17.656,6.702,328.832,550.488,370.142
2013-01-01,3553.7503825999997,3405.828,275.471,67.595,10.165,913.047,1718.916,50.642,218.695,784.579,327.618,215.168,189.38,492.57,19.121,7.313,326.973,661.361,379.355
2013-02-01,3227.568136900001,3116.166,280.52,58.138,10.9,838.241,1538.652,53.169,201.606,685.585,295.52,218.49,174.044,413.464,19.577,8.619,310.574,601.607,386.126
2013-03-01,3459.7416479,3344.415,470.709,77.058,17.446,980.895,1373.569,56.159,230.873,733.252,367.55,208.311,191.043,434.781,18.953,6.047,305.917,628.231,447.213
2013-04-01,3375.4293226999994,3375.669,550.48,85.461,23.468,981.18,1315.524,63.077,219.804,638.839,357.697,203.098,193.104,483.993,20.626,6.775,301.02,649.851,517.129
2013-05-01,3547.8549007999995,3792.579,1163.97,131.865,47.119,982.11,1017.533,108.502,232.878,670.109,426.042,240.484,234.849,411.225,32.679,14.006,340.02,710.385,706.356
2013-06-01,3451.2753040999996,3713.823,1513.07,166.831,61.573,824.838,726.437,126.914,228.573,602.646,469.679,259.018,256.669,354.785,34.646,13.11,329.143,675.97,710.477
2013-07-01,3548.4311312999994,4046.594,1805.888,187.912,76.272,756.692,760.665,142.658,238.689,705.354,501.371,299.54,290.488,430.372,32.829,12.434,336.241,675.362,753.908
2013-08-01,3573.3942143,4043.197,1661.116,177.237,75.171,846.213,803.625,134.572,246.534,692.93,511.982,262.078,277.279,420.662,35.875,12.631,341.311,709.358,770.599
2013-09-01,3461.4569501999995,3696.212,1315.163,147.389,55.402,881.288,850.742,104.242,228.77,708.132,420.481,225.046,232.494,448.013,27.628,8.801,288.706,704.153,626.716
2013-10-01,3551.8188968999993,3577.611,694.88,100.457,35.206,979.632,1307.561,68.686,241.557,725.365,342.925,234.756,201.01,543.921,20.583,6.813,288.539,689.905,519.566
2013-11-01,3440.6905823999996,3378.564,440.54,80.484,20.128,999.66,1398.127,50.645,231.963,638.086,328.906,267.296,211.078,497.625,17.527,5.632,275.716,637.632,496.167
2013-12-01,3516.8806668999996,3482.952,319.236,63.207,13.054,986.508,1660.322,52.817,239.133,617.592,337.926,283.326,220.357,527.653,20.092,8.744,329.553,623.745,511.189
2014-01-01,3540.1918754,3405.995,298.699,62.344,12.406,934.859,1671.902,57.291,221.911,642.785,335.764,213.351,183.754,524.432,20.75,9.672,338.651,650.535,484.139
2014-02-01,3191.6594644,3137.131,310.882,66.18,13.082,876.63,1472.796,56.104,204.965,556.318,306.272,195.514,177.083,479.638,19.117,8.22,325.482,620.942,445.912
2014-03-01,3477.9373798,3505.754,433.218,73.085,17.537,1019.962,1484.992,58.004,232.164,633.318,363.058,194.473,188.548,489.849,19.684,6.833,332.925,698.244,550.333
2014-04-01,3256.0370790999996,3487.936,707.599,97.434,28.354,997.625,1222.473,77.211,228.443,605.854,343.417,206.141,209.323,470.985,21.494,6.9,314.949,660.166,639.352
2014-05-01,3543.9826722999996,3823.882,1168.812,136.437,51.041,978.065,1012.815,104.879,240.157,682.823,428.207,255.703,235.634,414.499,28.745,8.969,316.298,706.775,739.691
2014-06-01,3434.5015340999994,3883.047,1633.967,170.908,65.692,847.854,726.212,132.056,234.938,652.079,471.786,268.683,270.646,349.068,35.058,11.35,358.798,671.05,791.185
2014-07-01,3574.3746239,4017.484,1741.661,182.775,76.296,789.514,746.789,142.225,241.985,655.051,520.164,271.797,286.659,414.065,36.518,11.819,341.55,680.686,795.899
2014-08-01,3558.8767689999995,3969.176,1375.829,160.252,64.991,850.678,1029.707,113.563,248.688,708.924,471.447,213.18,257.482,491.373,30.048,9.41,342.716,711.764,729.981
2014-09-01,3455.6314371000008,3633.467,951.267,126.468,47.215,938.426,1112.234,86.27,244.32,607.039,434.363,179.775,210.108,505.763,24.318,7.117,336.511,649.885,676.044
2014-10-01,3482.3186285999996,3508.367,685.256,97.929,32.616,948.3,1292.361,69.794,253.362,575.973,391.107,198.328,185.735,497.935,27.295,7.933,371.597,641.073,609.825
2014-11-01,3419.4357710999993,3163.903,439.472,82.347,19.441,895.291,1287.914,54.015,245.863,543.238,334.634,178.951,174.271,484.273,18.069,6.019,331.186,585.996,505.943
2014-12-01,3549.077938199999,3278.798,361.025,69.759,13.012,910.164,1482.712,49.758,255.721,602.014,330.286,200.886,181.999,508.221,18.338,6.95,358.405,586.475,483.896
2015-01-01,3595.4070801999997,3317.219,309.457,64.838,12.06,944.359,1549.196,55.813,241.095,600.891,315.593,215.395,186.426,497.615,18.602,7.203,358.586,608.436,507.317
2015-02-01,3229.3737407000003,3037.785,300.684,59.748,10.396,819.313,1436.126,57.806,222.474,566.166,266.962,199.031,181.252,440.654,18.98,6.86,339.285,526.08,491.348
2015-03-01,3612.2110882,3526.311,369.376,71.814,13.963,976.712,1603.016,60.549,246.042,637.512,330.031,223.315,192.471,478.862,22.111,8.796,400.003,608.353,583.275
2015-04-01,3515.645860099999,3655.654,530.249,84.554,23.084,995.892,1503.675,77.241,241.637,622.839,364.295,233.223,197.714,464.576,25.226,11.656,402.626,670.206,605.41
2015-05-01,3669.9015583,3987.53,965.635,120.971,41.897,992.528,1349.595,99.693,247.515,620.197,406.263,278.806,225.497,461.267,28.054,11.62,389.752,792.151,725.677
2015-06-01,3540.0997094,3886.524,1483.394,164.061,63.182,834.969,890.816,126.81,246.613,602.04,455.831,257.631,263.93,421.876,31.816,10.016,367.45,692.264,780.084
2015-07-01,3637.084577099999,4393.783,1725.64,182.939,71.16,879.676,1044.854,144.267,258.685,674.017,564.443,284.817,299.711,649.124,38.283,12.09,371.987,734.491,761.224
2015-08-01,3715.7326113000004,4052.703,1411.922,163.378,64.214,918.267,1030.214,125.755,252.885,653.11,490.325,273.597,268.501,531.7,29.483,9.68,369.356,700.969,722.88
2015-09-01,3539.3153249,3793.748,1204.299,137.705,52.041,932.654,1004.196,103.989,251.426,632.855,450.832,226.132,222.092,506.023,29.381,8.292,343.21,689.932,681.151
2015-10-01,3706.5884711999993,3680.686,1036.568,127.396,44.325,1058.729,925.975,92.574,263.025,624.723,402.229,221.257,237.652,460.191,25.124,7.282,342.716,721.859,628.77
2015-11-01,3556.9072647000003,3171.484,508.985,83.124,20.131,968.974,1154.84,54.225,248.963,568.487,368.964,191.623,185.516,464.495,18.41,5.336,338.151,557.863,471.167
2015-12-01,3587.2653246000004,3243.009,382.792,73.478,14.178,917.685,1423.681,48.699,260.514,586.745,330.46,194.119,169.745,526.788,17.281,5.787,360.299,565.73,484.696
2016-01-01,3711.411547999999,3462.501,295.225,63.907,10.633,939.632,1737.072,56.31,239.669,594.005,299.497,220.509,175.174,584.385,19.015,8.492,388.577,631.388,540.203
2016-02-01,3483.496268599999,3282.928,288.724,61.755,10.748,896.537,1607.197,56.935,229.886,488.172,272.428,218.113,169.44,526.915,18.868,9.043,356.653,674.824,547.563
2016-03-01,3782.0230196999996,3343.466,392.135,71.362,13.857,943.172,1479.947,56.997,250.548,638.339,293.558,213.298,184.754,445.553,21.168,6.634,349.899,626.133,562.817
2016-04-01,3687.599885299999,3558.485,818.209,109.696,30.37,900.605,1253.668,81.235,233.697,626.594,288.42,233.595,208.291,495.504,24.28,7.914,340.008,637.969,694.414
2016-05-01,3852.540914199999,4211.786,1511.654,141.146,58.688,943.317,1070.636,124.914,240.499,605.168,470.963,261.775,268.01,488.736,36.224,10.802,393.867,800.994,871.142
2016-06-01,3721.5200788,4209.181,1765.679,185.275,67.46,757.379,997.584,149.636,234.037,650.599,507.872,275.813,291.603,481.461,40.497,14.386,414.282,684.719,843.316
2016-07-01,3894.3957466999996,4327.926,1761.023,173.666,74.937,877.542,944.708,151.764,240.977,686.55,492.627,290.321,284.167,434.769,40.236,13.876,398.769,798.313,883.115
2016-08-01,3870.6247514,4174.227,1374.448,158.478,63.697,873.413,1244.587,116.867,237.452,713.63,460.784,244.074,233.398,507.785,30.915,8.8,359.403,780.088,831.8
2016-09-01,3719.8242271000004,3855.743,1078.55,139.581,68.126,866.406,1249.985,109.188,229.891,677.743,465.696,233.972,212.746,501.661,28.3,7.971,322.855,682.497,719.136
2016-10-01,3863.0572199999997,3676.103,778.462,113.563,42.396,908.594,1386.19,76.122,233.009,641.755,379.261,211.153,174.068,574.408,21.243,6.227,313.451,763.708,588.356
2016-11-01,3637.0183452999995,3220.78,451.676,85.518,23.455,905.493,1337.408,61.276,224.416,546.634,346.797,185.14,145.452,529.392,17.408,5.062,319.986,612.605,510.693
2016-12-01,3764.3173049999996,3406.105,328.656,68.111,14.381,881.775,1693.507,47.977,232.465,575.903,314.225,193.138,159.871,538.807,17.733,6.274,381.665,672.658,544.583
2017-01-01,3815.974108400001,3451.634,301.787,60.508,10.906,878.045,1810.354,51.536,213.233,623.973,288.797,204.041,174.001,558.347,17.514,6.458,382.568,683.681,511.064
2017-02-01,3273.8682474,3009.952,270.033,53.029,12.763,827.493,1489.417,53.292,196.5,574.176,262.414,179.421,161.055,462.134,16.365,5.645,332.568,570.377,444.2
2017-03-01,3788.7937309999984,3412.957,396.281,67.595,17.994,983.44,1529.226,58.023,221.543,640.647,350.762,198.513,182.795,477.907,21.906,6.337,340.001,643.417,549.255
2017-04-01,3698.591827200001,3548.919,635.518,90.812,29.435,967.139,1401.912,73.8,210.537,611.765,319.154,207.772,205.351,459.39,19.74,5.867,313.171,744.817,660.84
2017-05-01,3785.3830863000007,4162.504,1064.383,127.93,46.915,969.657,1527.051,106.83,215.418,741.295,452.375,255.705,232.962,580.45,25.075,8.757,367.165,764.503,734.217
2017-06-01,3668.7386192000013,4203.728,1474.892,165.392,66.866,894.225,1164.421,129.961,211.477,657.473,429.31,259.038,263.571,537.257,33.31,10.503,408.165,776.95,828.151
2017-07-01,3825.1698465,4503.298,1581.849,172.278,69.225,914.062,1333.324,147.453,217.353,699.898,465.389,278.263,276.686,595.112,33.659,11.326,445.041,820.581,877.343
2017-08-01,3838.459343500001,4370.757,1313.901,155.354,70.811,921.429,1488.656,124.849,218.842,794.793,462.613,261.546,256.008,586.317,29.951,8.827,396.037,767.491,807.174
2017-09-01,3702.521106299999,3915.021,1023.364,125.546,50.556,929.19,1371.706,102.362,210.604,686.616,408.812,239.753,219.413,558.408,23.626,9.014,338.337,729.025,702.017
2017-10-01,3869.4466877,3541.891,703.733,100.793,36.766,994.941,1273.331,82.966,214.32,627.975,410.292,208.109,186.18,576.792,21.312,5.923,288.001,685.659,531.648
2017-11-01,3575.788365600001,3160.029,487.643,81.363,20.991,964.752,1213.448,61.496,207.707,576.102,361.489,188.553,159.029,534.91,17.827,4.885,321.333,582.768,413.133
2017-12-01,3813.923597700002,3440.068,352.614,70.414,12.34,915.974,1675.096,51.351,213.92,642.705,333.116,215.252,168.507,524.638,16.015,4.822,380.382,656.851,494.028
2018-01-01,3845.3511603,3418.451,305.659,60.031,10.822,921.391,1718.014,55.902,199.923,712.53,287.669,190.975,172.135,528.244,16.188,4.629,412.651,608.964,475.971
2018-02-01,3495.4661135,3204.652,281.48,54.17,9.782,932.401,1567.42,53.536,182.208,613.142,272.351,183.786,167.369,489.555,15.487,4.211,384.776,609.499,453.705
2018-03-01,3901.8812616,3614.098,404.462,70.854,15.748,1085.645,1602.568,59.035,205.94,657.102,327.479,206.292,176.851,523.524,18.734,4.628,386.002,682.833,601.33
2018-04-01,3877.4331945,3673.83,500.04,76.674,21.995,1064.316,1572.118,67.037,194.623,639.447,302.989,187.504,176.353,529.387,17.879,4.493,390.406,696.203,694.589
2018-05-01,3945.4433799000003,4127.699,952.682,116.506,43.916,990.031,1552.109,104.459,200.214,672.623,412.944,224.268,214.743,672.183,24.695,6.611,368.833,724.998,788.33
2018-06-01,3966.8592974999997,4442.075,1600.459,168.473,62.992,895.734,1229.729,142.205,194.275,719.217,480.341,290.494,274.433,556.565,34.323,10.57,416.401,751.315,901.258
2018-07-01,4096.3513456,4684.306,1750.108,181.092,75.99,904.288,1330.864,151.545,202.905,819.123,545.175,308.011,293.678,606.932,38.906,12.007,442.091,745.52,866.59
2018-08-01,4147.9534748999995,4578.549,1482.986,159.99,72.975,939.076,1477.792,134.438,206.458,792.585,541.373,284.902,262.785,662.562,34.574,10.452,405.702,747.398,830.637
2018-09-01,3953.9770483000016,3743.052,833.04,112.434,44.931,959.675,1382.091,87.994,195.95,608.197,349.342,186.041,184.024,570.336,20.736,5.593,337.5,701.358,769.996
2018-10-01,4103.284671799999,3540.217,657.932,102.928,35.46,1017.928,1278.09,89.196,207.423,672.524,359.861,176.046,188.416,485.974,19.207,4.967,245.345,696.611,689.636
2018-11-01,3696.8541751,3101.47,453.166,78.893,23.011,942.885,1201.397,52.216,199.214,596.65,325.396,147.87,180.954,423.375,17.115,4.529,249.397,579.305,567.016
2018-12-01,3990.3510632000007,3222.622,347.188,76.233,13.746,980.165,1275.223,47.176,210.755,610.581,330.068,153.587,173.806,412.925,16.193,4.179,276.089,603.081,516.092
2019-01-01,4000.1944522000017,3267.863,306.257,82.965,11.177,971.393,1480.435,63.461,193.813,634.216,310.145,165.041,179.75,462.579,16.833,4.772,290.373,649.416,531.295
2019-02-01,3770.5801366000005,3147.144,277.859,80.342,10.635,970.018,1425.965,59.56,183.953,592.42,314.097,155.788,166.262,429.306,16.678,4.825,263.534,638.441,549.984
2019-03-01,4014.104312699998,3284.154,405.178,99.218,15.609,1007.868,1231.684,52.438,206.137,610.24,289.304,160.238,185.045,423.973,18.758,4.8,232.259,613.119,618.166
2019-04-01,3948.8325230999985,3279.103,498.612,95.504,21.842,990.284,1098.785,66.781,198.856,560.418,253.853,156.91,177.272,450.276,17.842,4.913,192.697,612.057,685.145
2019-05-01,4245.779178400004,3879.933,958.25,130.692,45.922,961.941,1222.893,92.62,208.497,665.785,331.786,202.08,214.195,529.695,24.102,6.66,287.55,681.605,811.958
2019-06-01,4199.870453799997,4172.196,1273.994,149.98,60.151,874.036,1274.778,117.893,202.728,688.442,373.239,244.482,255.841,563.832,26.956,8.172,344.178,720.326,855.158
2019-07-01,4476.9743281,4737.218,1575.936,184.355,75.379,885.597,1509.352,132.157,215.284,842.384,555.366,298.997,294.755,610.594,34.897,10.425,378.226,741.704,911.991
2019-08-01,4477.107178500004,4402.664,1404.967,170.036,73.808,895.909,1366.46,121.87,216.117,833.546,517.394,242.118,246.47,519.694,32.469,9.676,304.496,689.844,932.42
2019-09-01,4138.295546799997,3855.992,1033.791,137.902,56.624,980.446,1152.861,97.503,207.468,775.964,411.948,202.666,210.619,424.627,25.735,6.925,236.495,728.325,741.873
2019-10-01,4336.926498900002,3709.381,730.961,110.451,38.258,1085.794,1146.605,76.866,216.062,700.468,393.914,163.461,197.283,394.224,21.478,6.239,227.694,758.828,678.871
2019-11-01,3809.536160200001,3213.379,391.104,105.857,20.099,1086.068,1078.985,50.595,210.632,517.187,322.812,134.018,164.991,398.061,16.964,4.318,238.579,697.916,591.407
2019-12-01,3932.8344508000023,3472.267,337.316,110.774,13.37,1100.507,1298.639,48.817,220.062,681.68,282.75,164.244,183.95,395.087,15.924,4.485,239.19,755.023,554.592
2020-01-01,4037.2026396000033,3592.049,294.698,73.149,10.951,1131.104,1444.336,52.658,207.354,667.748,266.539,165.754,194.123,412.918,16.996,3.995,277.14,790.678,569.274
2020-02-01,3703.765145199996,3401.103,290.811,73.06,10.906,1138.659,1274.492,53.215,199.027,595.211,255.125,156.001,169.806,476.393,17.821,3.896,256.332,761.466,490.192
2020-03-01,3925.258648499996,3595.224,332.459,73.717,12.573,1121.833,1425.005,52.41,143.63,658.595,276.364,168.924,177.091,467.765,15.81,3.708,238.579,758.898,540.179
2020-04-01,3502.206716999999,3023.87,567.848,74.781,13.712,803.456,1039.05,57.468,80.881,494.87,262.532,104.939,117.103,437.342,15.181,3.934,203.814,623.89,515.614
2020-05-01,3858.6052903999985,3561.54,1032.306,85.921,29.335,807.467,1188.262,77.333,115.378,645.645,324.123,163.878,157.911,539.55,21.422,6.489,260.223,674.09,669.636
2020-06-01,3780.652476100003,3973.838,1441.175,115.032,42.436,767.221,1212.842,109.432,137.325,688.528,485.247,232.204,220.339,571.657,28.599,9.62,284.048,690.295,740.803
2020-07-01,3931.664441400003,4085.389,1770.069,143.927,54.519,848.949,831.895,135.526,149.408,655.905,468.815,248.016,276.31,505.171,33.903,11.229,276.867,796.74,803.153
2020-08-01,3895.836427300004,3915.905,1400.877,120.504,47.426,835.686,1098.152,106.374,150.757,741.646,464.759,230.203,277.14,437.577,26.0,8.174,256.996,728.1,736.103
2020-09-01,3685.6130121999972,3470.1,1050.491,103.633,38.943,815.613,1055.036,83.019,149.881,673.127,421.26,181.471,203.99,408.237,23.883,6.656,237.8,671.556,612.424
2020-10-01,3778.316292399999,3336.877,722.932,84.721,26.801,868.348,1209.131,56.769,164.325,649.496,366.626,150.401,175.477,411.489,18.418,4.91,257.861,620.104,632.25
2020-11-01,3471.8286987000065,3046.862,393.178,68.364,15.206,888.492,1295.207,32.588,171.915,640.896,284.753,148.235,160.243,449.777,15.804,4.429,263.177,541.153,504.983
2020-12-01,3530.0694068000016,3119.973,347.113,65.181,11.711,938.832,1366.532,33.547,197.697,638.119,299.462,153.81,158.309,422.515,15.379,4.877,310.694,560.297,537.263
2021-01-01,3596.460490200001,3171.09,319.651,65.644,10.588,833.945,1554.287,33.239,186.95,624.528,296.337,184.269,168.241,499.337,15.554,3.429,385.662,442.792,524.267
2021-02-01,3208.2183149,2862.707,296.26,62.513,9.593,757.808,1304.954,32.846,179.33,581.97,263.995,153.896,160.558,423.456,15.793,3.576,300.982,411.09,453.009
2021-03-01,3550.2423068000003,3247.96,385.467,74.795,13.612,950.792,1415.876,39.754,202.376,608.638,339.845,200.302,180.458,486.618,18.125,4.314,320.396,515.722,559.58
2021-04-01,3427.1973660000017,3160.249,479.447,78.528,18.911,967.35,1243.057,46.983,182.942,565.431,319.376,164.969,160.864,436.626,19.023,4.465,339.207,512.839,636.643
2021-05-01,3759.8856335,3749.205,1168.167,114.765,46.945,861.894,1180.874,91.045,170.19,670.72,411.319,215.052,197.534,485.418,27.924,7.695,398.298,576.074,758.815
2021-06-01,3810.6867367999976,4249.246,1506.853,148.0,64.894,852.717,1264.29,122.593,177.496,652.898,513.766,267.474,262.111,548.454,33.524,10.283,428.1,668.146,864.185
2021-07-01,4052.6056695999964,4599.904,1639.031,142.601,65.854,830.559,1453.7,130.806,202.134,758.509,547.662,300.989,276.843,609.207,36.819,10.709,431.073,736.258,882.411
2021-08-01,4145.486521399998,4557.108,1428.437,138.061,66.591,844.181,1631.482,112.782,205.8,829.698,533.976,287.289,252.477,636.584,32.541,8.398,419.849,703.617,845.678
2021-09-01,3980.180374399996,3635.328,989.596,102.142,47.469,842.053,1221.448,78.971,204.527,651.617,439.176,195.966,241.212,490.248,24.562,5.903,273.969,632.108,657.56
2021-10-01,3944.1334376999994,3465.83,699.161,92.024,33.489,890.377,1167.696,58.284,212.307,591.886,375.713,184.317,219.551,426.184,21.693,4.917,294.556,607.762,589.792
2021-11-01,3836.3424066000016,3327.325,454.361,74.371,18.769,945.062,1251.664,40.08,207.42,583.38,349.553,169.49,226.468,398.312,18.121,4.392,315.853,570.258,493.691
2021-12-01,3994.720004200002,3394.811,352.252,65.572,11.99,923.477,1459.346,31.709,213.885,648.541,333.136,188.472,203.679,394.889,16.83,3.914,371.915,568.982,484.363
2022-01-01,4028.5555777999975,3371.525,313.234,64.177,10.965,904.747,1517.179,32.42,184.709,664.356,292.282,197.919,196.358,367.35,16.557,3.509,417.641,547.044,478.03
2022-02-01,3565.1563479000024,2902.272,321.999,61.345,11.33,807.457,1170.743,35.844,183.57,584.513,301.779,149.711,164.002,300.045,17.231,3.898,315.848,466.024,418.942
2022-03-01,3889.7701824000033,3240.671,475.358,76.186,16.848,911.549,1155.221,46.58,203.078,591.413,331.717,189.849,178.752,354.578,20.238,4.628,321.426,501.831,529.482
2022-04-01,3821.221502400003,3268.923,714.159,88.937,30.301,850.261,996.72,63.581,200.633,574.223,283.901,176.337,182.403,407.751,21.296,5.499,299.423,529.863,585.95
2022-05-01,4226.6449526,3892.106,1271.698,125.41,55.594,898.587,1012.444,102.197,203.42,678.114,411.069,237.053,239.702,447.175,29.166,8.282,324.879,664.919,773.249
2022-06-01,4192.534210199997,4203.422,1703.184,156.85,75.864,889.907,862.187,136.774,201.283,633.651,486.737,276.669,275.462,456.9,34.672,11.871,364.667,740.156,867.601
2022-07-01,4354.7460416,4650.4,1671.142,160.313,73.704,874.101,1328.849,140.763,205.848,732.613,527.866,302.731,281.642,646.523,36.015,10.096,371.255,732.988,907.002
2022-08-01,4395.136678299998,4147.089,1453.929,150.922,71.027,877.802,989.173,120.199,205.224,646.506,446.3,262.91,260.553,451.7,33.619,9.103,302.799,711.733,849.094
2022-09-01,4090.4378263999993,3662.272,1004.412,130.628,55.043,889.726,960.138,88.007,197.839,624.467,361.187,218.326,213.1,409.632,27.905,6.755,272.627,648.723,684.429
2022-10-01,4122.414338299998,3511.247,718.968,107.806,37.86,971.522,1016.415,62.944,202.024,595.913,345.499,203.762,179.77,362.817,21.576,5.242,290.527,663.279,611.247
2022-11-01,3802.6075623000024,3179.273,398.575,85.729,21.329,932.782,1096.901,37.89,192.28,601.944,330.844,160.777,175.621,284.175,18.299,4.303,303.61,575.957,460.032
2022-12-01,4000.1217881999964,3312.407,326.33,75.526,14.415,947.655,1300.693,31.109,196.527,638.811,316.98,194.526,193.272,303.782,17.157,3.707,363.206,573.192,446.481
2023-01-01,3999.872318700001,3272.705,277.042,69.057,10.815,935.683,1346.198,32.679,185.232,566.064,301.115,168.244,198.834,337.656,16.133,3.414,364.687,586.416,470.896
2023-02-01,3645.355940099995,2961.841,279.584,67.23,10.853,894.889,1122.268,36.223,173.032,490.602,273.855,152.317,169.032,295.275,17.275,3.437,321.123,543.462,460.65
2023-03-01,3994.4663098000065,3355.491,361.126,79.05,16.027,966.989,1292.601,43.564,195.351,642.897,294.65,170.89,207.721,334.72,20.227,3.904,337.151,567.333,521.704
2023-04-01,3863.489774299996,3248.532,599.047,102.403,29.399,927.734,945.701,57.901,186.897,514.679,329.698,170.206,178.323,342.4,19.713,4.619,235.672,607.565,600.274
2023-05-01,4184.224369600002,3837.004,921.274,131.998,48.211,932.013,1205.501,85.159,187.734,591.815,398.213,210.928,209.607,541.349,25.72,6.127,283.049,655.882,736.219
2023-06-01,4146.5326596999985,4539.965,1401.802,161.139,68.899,934.111,1422.991,121.838,185.065,634.133,483.079,278.313,268.989,528.272,29.578,9.112,363.902,865.128,941.715
2023-07-01,4283.1862028,4654.455,1621.097,180.252,77.65,936.034,1297.261,138.065,193.292,609.823,489.45,289.121,286.022,537.082,34.976,10.108,368.707,913.649,1033.842
2023-08-01,4477.024218600005,4469.913,1445.818,171.911,74.125,929.841,1304.953,120.478,190.236,669.122,462.321,251.772,303.724,454.861,31.991,7.912,321.943,882.736,978.488
2023-09-01,4296.9233139,4014.886,1191.804,151.279,62.626,958.547,1164.514,99.567,184.583,650.828,409.8,220.664,248.92,355.693,27.609,6.841,274.641,863.94,870.598
2023-10-01,3905.392633100001,3456.851,735.477,114.84,39.13,955.404,1004.197,64.754,191.516,570.308,347.384,193.005,182.321,318.813,22.0,5.044,266.754,760.687,593.13
2023-11-01,3789.9207177999974,3364.695,551.415,104.379,26.23,986.178,1170.232,48.977,183.336,601.042,343.412,184.499,169.785,300.688,20.471,4.72,304.534,750.574,533.446
2023-12-01,3539.0107231,3163.924,383.23,83.635,15.238,990.902,1220.328,35.82,187.901,567.162,309.138,196.207,165.593,313.853,16.352,3.979,345.572,685.572,440.476
2024-01-01,3837.920215800003,3263.493,295.894,73.352,11.157,936.518,1403.232,33.467,174.216,510.21,291.653,175.314,171.311,381.959,15.844,3.601,450.2,649.502,404.345
2024-02-01,3887.6449211000013,3224.073,282.701,75.051,11.769,909.269,1376.671,33.678,166.829,474.176,278.67,173.912,178.47,450.246,15.739,3.358,337.638,679.621,400.972
2024-03-01,4174.404509400003,3449.407,396.843,85.834,16.007,959.432,1351.017,47.411,177.194,480.93,322.397,170.142,185.416,459.716,18.363,3.925,364.455,674.488,499.143
2024-04-01,4084.7243118999995,3435.532,684.232,103.321,29.934,974.182,1039.121,65.384,170.093,451.275,339.807,179.856,193.206,493.915,21.758,4.736,263.297,661.366,593.355
2024-05-01,4654.367872700001,3916.615,1404.051,142.883,60.532,881.354,820.279,124.592,174.916,467.435,386.639,246.324,289.683,437.981,35.154,9.641,255.3,757.598,840.811
2024-06-01,4426.7183591999965,4020.839,1379.579,139.549,61.726,830.88,1008.749,117.128,168.074,527.699,389.612,255.511,264.867,505.611,31.514,7.807,244.178,771.104,848.167
2024-07-01,4709.051281799997,4378.965,1818.773,177.072,77.549,897.864,868.851,151.01,176.839,612.378,454.508,311.872,307.662,450.295,38.603,11.184,290.755,838.402,921.666
2024-08-01,4744.006327800001,4184.06,1625.263,160.227,81.475,863.619,952.23,130.207,177.992,600.11,486.407,305.738,314.67,430.969,34.726,9.692,273.362,760.513,834.566
2024-09-01,4416.560550000006,3615.466,944.608,116.345,48.223,932.645,1052.739,79.123,169.418,541.011,364.448,207.206,231.89,466.758,24.529,5.638,218.761,692.141,703.261
2024-10-01,4128.077407799999,3482.03,575.308,88.553,27.63,1036.853,1201.613,50.795,178.745,442.598,371.692,188.192,224.936,472.791,49.699,4.451,279.465,695.743,575.388
2024-11-01,3815.321984899996,3172.896,420.612,75.306,16.926,955.007,1222.911,36.796,171.125,493.649,340.89,191.783,193.968,417.918,17.717,4.042,262.441,632.205,489.366
2024-12-01,3858.9986045000023,3148.408,375.924,71.261,14.298,1005.338,1161.322,34.636,175.806,453.894,312.187,188.456,182.608,380.783,46.732,3.848,308.962,663.023,454.545
2025-01-01,4294.227607599995,3456.458,291.636,59.305,9.547,984.69,1537.862,32.207,161.23,531.608,285.832,198.757,176.236,555.245,16.271,3.225,365.983,672.009,420.519
2025-02-01,4054.4826721000045,3323.304,283.488,54.662,10.096,922.073,1501.0,34.623,150.941,522.973,282.761,183.724,178.402,479.172,16.224,3.075,398.781,631.371,392.513
2025-03-01,4147.937865999999,3252.06,411.34,67.281,15.058,927.862,1291.436,41.255,164.634,488.737,316.159,179.555,175.444,514.281,17.485,3.975,312.786,452.433,487.198
2025-04-01,4101.6259973,3177.366,677.186,87.303,28.552,920.688,978.186,66.172,161.943,395.726,335.48,185.802,193.985,520.801,20.206,4.49,221.861,501.954,557.121
2025-05-01,4578.093684500005,3634.194,1021.852,123.173,45.835,844.628,993.207,90.241,165.924,481.697,348.812,186.737,217.8,542.715,23.086,5.976,274.043,672.886,678.822
2025-06-01,4780.534287799999,4336.021,1653.213,173.833,74.323,841.595,954.59,139.811,159.872,585.773,484.714,292.324,260.048,542.58,35.887,11.002,332.075,823.231,790.851
2025-07-01,4983.609463399997,4404.828,1722.203,187.637,79.981,797.428,977.028,146.028,161.67,606.028,480.289,293.195,293.275,434.834,36.415,10.438,345.634,843.864,871.751
2025-08-01,4901.064490600005,4256.523,1492.315,151.865,70.119,831.418,1059.036,123.284,165.208,613.777,453.476,279.436,267.115,500.9,31.254,8.633,307.047,798.479,792.009
2025-09-01,4159.377250000003,3332.899,1057.826,112.764,49.981,810.156,795.821,88.288,161.417,477.94,332.518,216.509,203.542,396.72,23.803,6.599,259.495,671.852,630.328
2025-10-01,3843.2343587999962,2999.911,644.532,81.441,28.175,802.503,842.656,56.253,168.105,393.606,259.367,178.828,155.696,464.799,18.6,4.523,301.499,537.16,476.764
2025-11-01,3666.5103100000015,2881.842,460.797,67.488,19.891,766.288,978.0,39.889,160.876,395.994,281.392,153.27,130.217,442.653,17.371,4.064,302.562,468.004,454.645
2025-12-01,4084.105013700002,3213.593,346.719,60.795,11.957,816.612,1433.098,31.191,168.487,527.967,296.557,160.61,149.518,488.368,15.493,3.668,340.953,536.73,503.478
2026-01-01,4081.9391177,3292.499,297.385,55.551,9.291,848.738,1505.684,31.163,156.828,517.012,281.151,174.76,189.757,503.452,15.64,3.388,330.46,580.649,472.641
2026-02-01,3923.6767209999994,3111.487,283.664,52.116,9.947,778.68,1384.822,33.479,146.814,463.789,265.498,161.019,153.341,469.778,15.523,3.395,297.883,546.876,462.905
2026-03-01,4396.835463999998,3438.66,408.059,70.453,16.38,858.666,1411.389,34.54,164.509,492.995,315.349,180.756,171.195,546.571,20.223,3.829,299.62,525.039,575.322
2026-04-01,4218.858757,3366.04,639.329,84.529,25.781,860.255,1112.171,58.399,163.784,430.904,318.324,168.087,184.072,501.01,18.979,4.887,270.12,582.644,611.441
2026-05-01,4857.306894,3965.349,1367.527,142.002,59.72,754.406,1000.762,96.228,166.856,534.223,409.788,223.687,269.719,465.18,26.678,8.86,295.698,739.919,768.459
2026-06-01,4795.6440825,4241.55,1536.239,154.56,75.879,782.18,1079.15,131.905,163.388,527.27,419.895,290.85,297.279,510.192,35.086,10.012,308.614,777.327,866.327
